"markets_code","markets_name","zone"
"Mark001","Chennai","South"
"Mark002","Mumbai","Central"
"Mark003","Ahmedabad","North"
"Mark004","Delhi NCR","North"
"Mark005","Kanpur","North"
"Mark006","Bengaluru","South"
"Mark007","Bhopal","Central"
"Mark008","Lucknow","North"
"Mark009","Patna","North"
"Mark010","Kochi","South"
"Mark011","Nagpur","Central"
"Mark012","Surat","North"
"Mark013","Bhopal","Central"
"Mark014","Hyderabad","South"
"Mark015","Bhubaneshwar","South"
"Mark097","New York",
"Mark999","Paris",
